{"title": "AdaptiveRave vs MCTS", "num_games": 200, "players": ["AdaptiveRavePlayer", "MCTSPlayer"], "configurations": [{"max_steps": 100, "keep_replies": true, "keep_tree": true, "forgetting": false}, {"max_steps": 100, "keep_tree": true}], "raw_results": [[1, -1], [1, -1], [1, -1], [0, 0], [-1, 1], [1, -1], [1, -1], [1, -1], [1, -1], [1, -1], [1, -1], [1, -1], [1, -1], [1, -1], [1, -1], [-1, 1], [-1, 1], [1, -1], [1, -1], [1, -1], [-1, 1], [1, -1], [1, -1], [1, -1], [1, -1], [1, -1], [1, -1], [1, -1], [1, -1], [1, -1], [1, -1], [1, -1], [1, -1], [-1, 1], [-1, 1], [1, -1], [1, -1], [1, -1], [1, -1], [1, -1], [1, -1], [1, -1], [1, -1], [1, -1], [1, -1], [-1, 1], [-1, 1], [1, -1], [1, -1], [-1, 1], [1, -1], [1, -1], [1, -1], [1, -1], [0, 0], [1, -1], [1, -1], [1, -1], [1, -1], [0, 0], [1, -1], [1, -1], [-1, 1], [1, -1], [1, -1], [1, -1], [1, -1], [1, -1], [1, -1], [1, -1], [1, -1], [1, -1], [1, -1], [1, -1], [1, -1], [-1, 1], [1, -1], [-1, 1], [1, -1], [1, -1], [1, -1], [1, -1], [1, -1], [0, 0], [1, -1], [1, -1], [-1, 1], [1, -1], [-1, 1], [-1, 1], [1, -1], [1, -1], [1, -1], [1, -1], [1, -1], [1, -1], [0, 0], [1, -1], [1, -1], [1, -1], [-1, 1], [-1, 1], [1, -1], [1, -1], [1, -1], [1, -1], [1, -1], [1, -1], [1, -1], [-1, 1], [1, -1], [1, -1], [1, -1], [1, -1], [1, -1], [1, -1], [1, -1], [1, -1], [1, -1], [1, -1], [1, -1], [1, -1], [1, -1], [-1, 1], [1, -1], [-1, 1], [1, -1], [1, -1], [-1, 1], [-1, 1], [1, -1], [1, -1], [-1, 1], [-1, 1], [1, -1], [1, -1], [-1, 1], [-1, 1], [-1, 1], [1, -1], [-1, 1], [1, -1], [1, -1], [1, -1], [1, -1], [1, -1], [1, -1], [-1, 1], [1, -1], [1, -1], [0, 0], [1, -1], [-1, 1], [-1, 1], [-1, 1], [1, -1], [1, -1], [-1, 1], [1, -1], [1, -1], [-1, 1], [1, -1], [1, -1], [-1, 1], [1, -1], [0, 0], [-1, 1], [1, -1], [1, -1], [-1, 1], [1, -1], [1, -1], [1, -1], [1, -1], [1, -1], [-1, 1], [1, -1], [-1, 1], [1, -1], [1, -1], [1, -1], [1, -1], [1, -1], [1, -1], [1, -1], [1, -1], [1, -1], [1, -1], [1, -1], [-1, 1], [1, -1], [1, -1], [1, -1], [1, -1], [1, -1], [1, -1], [1, -1], [-1, 1], [1, -1], [1, -1]], "mean": [0.7775000000000001, 0.22249999999999998]}